{"cameraMode":{"drawMode":0,"name":"Shaded","section":"Shading Mode"},"sceneLighting":true,"audioPlay":false,"sceneViewState":{"m_AlwaysRefresh":false,"showFog":true,"showSkybox":true,"showFlares":true,"showImageEffects":true,"showParticleSystems":true,"showVisualEffectGraphs":true,"m_FxEnabled":true},"in2DMode":false,"pivot":{"x":0.013750076293945313,"y":-2.601531982421875,"z":2.9092016220092775},"rotation":{"x":-0.2888275980949402,"y":0.25911909341812136,"z":-0.08152256160974503,"w":-0.9180382490158081},"size":11.335919380187989,"orthographic":false}